<?xml version="1.0" encoding="UTF-8"?>
<!DOCTYPE suite SYSTEM "http://testng.org/testng-1.0.dtd">
<suite name="Flipkart Application Test Suite">

	<listeners>
		<listener class-name="ExtentReportListener.ExtentReporterNG" />
	</listeners>


	<test name="Flipkart Test Cases">
		<classes>
			<class name="tests.LoginTest"></class>
			<class name="tests.HomePageTest"></class>
			<class name="tests.SearchTest"></class>
			<class name="tests.ItemSearchResultTest"></class>
			<class name="tests.MouseOverTest"></class>

		</classes>
	</test>
</suite>